City_ID,City,Country,Date,Lat,Lng,Max Temp,Humidity,Cloudiness,Wind Speed
0,Rikitea,PF,2022-04-27 22:25:17,-23.1203,-134.9692,76.77,74,16,24.25
1,Port Alfred,ZA,2022-04-27 22:25:17,-33.5906,26.891,56.17,92,0,10.13
2,Saint George,US,2022-04-27 22:24:29,37.1041,-113.5841,88.63,10,0,18.41
3,Mataura,NZ,2022-04-27 22:25:18,-46.1927,168.8643,52.48,89,36,1.9
4,Middelburg,ZA,2022-04-27 22:23:25,-25.7751,29.4648,51.78,82,5,5.68
5,Teno,CL,2022-04-27 22:25:19,-34.8667,-71.1833,58.55,47,0,3.44
6,Paamiut,GL,2022-04-27 22:25:19,61.994,-49.6678,34.79,98,100,19.51
7,Vila Velha,BR,2022-04-27 22:21:14,-20.3297,-40.2925,78.94,85,0,6.91
8,Bereda,ES,2022-04-27 22:22:41,43.2686,-7.5406,51.58,100,100,1.97
9,Bluff,NZ,2022-04-27 22:25:20,-46.6,168.3333,52.81,78,93,6.82
10,Manta,EC,2022-04-27 22:23:06,-0.95,-80.7333,82.18,78,40,9.22
11,Saryagash,KZ,2022-04-27 22:25:21,41.4511,69.1701,61.23,67,36,6.96
12,Weirton,US,2022-04-27 22:23:59,40.419,-80.5895,47.32,55,100,4.0
13,Albany,US,2022-04-27 22:22:22,42.6001,-73.9662,43.95,48,55,8.99
14,Talnakh,RU,2022-04-27 22:25:22,69.4865,88.3972,33.21,96,100,19.57
15,Natchez,US,2022-04-27 22:25:22,31.5604,-91.4032,78.24,27,0,5.75
16,Ellensburg,US,2022-04-27 22:24:14,46.9965,-120.5479,56.77,53,75,11.01
17,Aksu,CN,2022-04-27 22:25:23,41.1231,80.2644,56.41,44,83,5.28
18,Castro,BR,2022-04-27 22:24:45,-24.7911,-50.0119,65.75,81,10,4.52
19,Georgetown,MY,2022-04-27 22:23:01,5.4112,100.3354,83.95,94,20,1.14
20,Tuktoyaktuk,CA,2022-04-27 22:22:10,69.4541,-133.0374,8.6,85,100,5.75
21,Hobart,AU,2022-04-27 22:25:24,-42.8794,147.3294,58.26,95,40,6.91
22,Fortuna,US,2022-04-27 22:25:25,40.5982,-124.1573,57.92,67,75,17.27
23,Jamestown,US,2022-04-27 22:25:03,42.097,-79.2353,31.01,69,100,11.99
24,Vila Franca Do Campo,PT,2022-04-27 22:25:25,37.7167,-25.4333,67.19,94,100,17.81
25,Lichuan,CN,2022-04-27 22:25:26,30.3,108.85,59.99,99,100,3.6
26,Yarim,YE,2022-04-27 22:25:26,14.298,44.3779,58.68,64,11,2.44
27,Yellowknife,CA,2022-04-27 22:24:05,62.456,-114.3525,52.32,37,40,13.8
28,Vaini,TO,2022-04-27 22:25:27,-21.2,-175.2,80.76,54,40,9.22
29,New Norfolk,AU,2022-04-27 22:25:28,-42.7826,147.0587,57.92,88,98,1.95
30,Arlit,NE,2022-04-27 22:25:28,18.7369,7.3853,83.61,14,3,8.95
31,Solnechnyy,RU,2022-04-27 22:25:29,50.7214,136.6319,32.11,79,100,5.32
32,Fairbanks,US,2022-04-27 22:22:19,64.8378,-147.7164,53.56,32,40,0.0
33,Lorengau,PG,2022-04-27 22:23:31,-2.0226,147.2712,82.58,81,90,10.58
34,Sao Filipe,CV,2022-04-27 22:21:04,14.8961,-24.4956,72.45,69,3,12.35
35,Kruisfontein,ZA,2022-04-27 22:21:22,-34.0033,24.7314,52.88,45,2,6.04
36,Punta Arenas,CL,2022-04-27 22:23:53,-53.15,-70.9167,37.51,48,20,14.97
37,Cantagallo,CO,2022-04-27 22:25:30,7.376,-73.9196,91.98,78,92,1.88
38,Khatanga,RU,2022-04-27 22:24:18,71.9667,102.5,18.41,86,100,13.38
39,Atuona,PF,2022-04-27 22:25:31,-9.8,-139.0333,78.66,77,26,20.8
40,Faanui,PF,2022-04-27 22:25:32,-16.4833,-151.75,81.07,76,14,20.96
41,Hualmay,PE,2022-04-27 22:25:32,-11.0964,-77.6139,68.4,83,83,8.9
42,Ulladulla,AU,2022-04-27 22:25:33,-35.35,150.4667,61.77,90,68,5.17
43,Ancud,CL,2022-04-27 22:25:33,-41.8697,-73.8203,47.21,69,18,16.26
44,Bethel,US,2022-04-27 22:25:34,41.3712,-73.414,49.51,50,100,12.66
45,Kungalv,SE,2022-04-27 22:25:16,57.871,11.9805,43.18,67,59,0.76
46,Roebourne,AU,2022-04-27 22:25:35,-20.7833,117.1333,77.61,50,98,6.31
47,Itupiranga,BR,2022-04-27 22:26:35,-5.1347,-49.3267,80.92,90,61,2.62
48,Cape Town,ZA,2022-04-27 22:26:33,-33.9258,18.4232,59.92,87,0,14.0
49,Tynda,RU,2022-04-27 22:26:36,55.1667,124.7167,27.21,64,34,1.5
50,Nyurba,RU,2022-04-27 22:26:36,63.2842,118.3319,21.16,89,83,3.15
51,Roquetas De Mar,ES,2022-04-27 22:26:37,36.7642,-2.6148,59.61,84,13,5.32
52,Barrow,US,2022-04-27 22:26:37,71.2906,-156.7887,6.82,78,100,13.8
53,Usinsk,RU,2022-04-27 22:26:38,65.9939,57.5281,21.78,82,100,9.06
54,Hithadhoo,MV,2022-04-27 22:26:38,-0.6,73.0833,83.66,74,100,6.53
55,Shubarshi,KZ,2022-04-27 22:26:39,48.5872,57.1869,57.29,52,100,9.22
56,Cabo San Lucas,MX,2022-04-27 22:26:39,22.8909,-109.9124,94.17,16,0,13.8
57,Oktyabrskiy,RU,2022-04-27 22:26:40,54.4815,53.471,57.13,92,100,13.58
58,Daru,PG,2022-04-27 22:26:40,-9.0763,143.2092,80.4,85,49,7.05
59,Gaoua,BF,2022-04-27 22:26:41,10.2992,-3.2508,88.43,38,21,10.65
60,Kudahuvadhoo,MV,2022-04-27 22:26:41,2.6708,72.8944,83.75,74,97,6.85
61,Nome,US,2022-04-27 22:26:42,64.5011,-165.4064,38.16,75,0,6.91
62,Port Elizabeth,ZA,2022-04-27 22:26:43,-33.918,25.5701,57.49,94,0,4.61
63,Ushuaia,AR,2022-04-27 22:26:43,-54.8,-68.3,33.46,80,75,18.41
64,Zaysan,KZ,2022-04-27 22:26:44,47.4667,84.8667,46.96,39,45,6.87
65,Dikson,RU,2022-04-27 22:26:44,73.5069,80.5464,26.04,91,100,25.77
66,East London,ZA,2022-04-27 22:26:45,-33.0153,27.9116,61.29,80,0,12.19
67,Kampot,KH,2022-04-27 22:26:45,10.6167,104.1833,78.85,83,9,3.2
68,Anadyr,RU,2022-04-27 22:26:45,64.75,177.4833,32.5,80,75,17.9
69,San Cristobal,VE,2022-04-27 22:22:16,7.7669,-72.225,75.38,85,100,3.98
70,Busselton,AU,2022-04-27 22:26:46,-33.65,115.3333,60.03,82,78,14.05
71,San Jose,US,2022-04-27 22:25:46,37.3394,-121.895,71.91,45,75,18.41
72,Arman,RU,2022-04-27 22:26:47,59.7,150.1667,24.84,68,100,16.69
73,Ribeira Grande,PT,2022-04-27 22:26:47,38.5167,-28.7,64.2,91,92,31.14
74,Ostersund,SE,2022-04-27 22:26:48,63.1792,14.6357,33.62,69,100,10.36
75,Bengkulu,ID,2022-04-27 22:26:48,-3.8004,102.2655,76.05,90,99,3.78
76,Coquimbo,CL,2022-04-27 22:26:49,-29.9533,-71.3436,62.33,77,0,9.22
77,Mill Valley,US,2022-04-27 22:26:50,37.906,-122.545,72.28,65,100,8.99
78,Hilo,US,2022-04-27 22:26:50,19.7297,-155.09,86.29,86,100,3.44
79,Moerai,PF,2022-04-27 22:26:51,-22.4333,-151.3333,79.5,75,4,14.16
80,Medea,DZ,2022-04-27 22:26:51,36.2642,2.7539,51.49,96,100,3.0
81,Kavieng,PG,2022-04-27 22:26:52,-2.5744,150.7967,84.7,70,47,14.18
82,Provideniya,RU,2022-04-27 22:26:52,64.3833,-173.3,28.51,80,0,7.0
83,Iqaluit,CA,2022-04-27 22:26:53,63.7506,-68.5145,13.73,66,75,17.27
84,Upernavik,GL,2022-04-27 22:26:53,72.7868,-56.1549,33.89,85,100,2.62
85,Namatanai,PG,2022-04-27 22:26:53,-3.6667,152.4333,83.5,73,50,8.41
86,Ingham,US,2022-04-27 22:26:54,42.6,-84.3833,46.18,58,0,3.44
87,Najran,SA,2022-04-27 22:26:55,17.4924,44.1277,75.85,34,20,1.57
88,Castelo Do Piaui,BR,2022-04-27 22:26:55,-5.3222,-41.5525,79.18,64,78,0.83
89,Longyearbyen,SJ,2022-04-27 22:26:56,78.2186,15.6401,1.24,51,40,12.66
90,Ponta Do Sol,PT,2022-04-27 22:26:56,32.6667,-17.1,63.23,78,13,2.59
91,Port Hardy,CA,2022-04-27 22:26:57,50.6996,-127.4199,50.18,62,75,4.61
92,Pyaozerskiy,RU,2022-04-27 22:27:58,65.8333,31.1667,21.92,79,84,9.6
93,Olafsvik,IS,2022-04-27 22:27:58,64.8945,-23.7142,43.18,73,59,2.21
94,Meulaboh,ID,2022-04-27 22:27:59,4.1363,96.1285,77.47,90,88,3.87
95,Dmitrov,RU,2022-04-27 22:24:00,56.35,37.5167,36.25,90,34,5.28
96,Lagoa,PT,2022-04-27 22:27:59,39.05,-27.9833,62.08,92,100,31.09
97,Matara,LK,2022-04-27 22:28:00,5.9485,80.5353,79.32,86,21,2.48
98,Alofi,NU,2022-04-27 22:28:00,-19.0595,-169.9187,80.49,74,75,19.57
99,Alice Springs,AU,2022-04-27 22:25:30,-23.7,133.8833,71.15,40,3,12.66
100,Christchurch,NZ,2022-04-27 22:25:31,-43.5333,172.6333,57.9,79,100,2.3
101,Goderich,CA,2022-04-27 22:24:01,43.7501,-81.7165,33.91,69,98,14.97
102,Chuy,UY,2022-04-27 22:28:02,-33.6971,-53.4616,60.28,88,94,6.13
103,Pevek,RU,2022-04-27 22:28:02,69.7008,170.3133,34.38,74,100,17.72
104,Severo-Kurilsk,RU,2022-04-27 22:28:03,50.6789,156.125,35.78,84,28,20.62
105,Chenzhou,CN,2022-04-27 22:28:03,25.8,113.0333,71.98,94,5,4.38
106,Bima,ID,2022-04-27 22:28:04,-8.4667,118.7167,73.06,86,100,1.23
107,Sao Caetano De Odivelas,BR,2022-04-27 22:28:04,-0.75,-48.02,75.0,95,99,6.62
108,Gambela,ET,2022-04-27 22:28:05,8.25,34.5833,74.59,85,78,1.23
109,Pacific Grove,US,2022-04-27 22:27:15,36.6177,-121.9166,65.01,70,40,13.8
110,Lebu,CL,2022-04-27 22:28:06,-37.6167,-73.65,51.73,70,28,6.98
111,Bambous Virieux,MU,2022-04-27 22:28:06,-20.3428,57.7575,72.21,94,20,6.91
112,Puerto Ayora,EC,2022-04-27 22:28:07,-0.7393,-90.3518,76.96,80,36,8.1
113,The Valley,AI,2022-04-27 22:28:07,18.217,-63.0578,77.83,62,35,13.69
114,Keflavik,IS,2022-04-27 22:28:08,64.0049,-22.5624,44.51,87,75,1.14
115,Yulara,AU,2022-04-27 22:28:09,-25.2406,130.9889,69.64,40,100,2.3
116,Sawakin,SD,2022-04-27 22:28:09,19.1059,37.3321,83.19,86,0,14.97
117,Shingu,JP,2022-04-27 22:28:10,33.7333,135.9833,66.18,91,100,4.94
118,Nanortalik,GL,2022-04-27 22:28:10,60.1432,-45.2371,39.43,86,100,8.86
119,Luderitz,NA,2022-04-27 22:28:11,-26.6481,15.1594,64.8,54,0,5.88
120,Souillac,MU,2022-04-27 22:28:11,-20.5167,57.5167,71.98,94,20,6.91
121,Leningradskiy,RU,2022-04-27 22:28:12,69.3833,178.4167,24.69,88,100,11.14
122,Mar Del Plata,AR,2022-04-27 22:25:25,-38.0023,-57.5575,58.87,57,0,8.99
123,Gujranwala,PK,2022-04-27 22:28:07,32.1617,74.1883,80.65,18,2,4.09
124,San Andres,CO,2022-04-27 22:28:13,12.5847,-81.7006,82.42,78,100,11.5
125,Hadejia,NG,2022-04-27 22:28:13,12.4498,10.0444,92.43,11,100,8.52
126,Hofn,IS,2022-04-27 22:28:14,64.2539,-15.2082,41.63,83,100,5.41
127,Zhigansk,RU,2022-04-27 22:28:14,66.7697,123.3711,11.43,96,36,8.68
128,Bowen,AU,2022-04-27 22:28:15,-20.0167,148.2333,75.69,83,8,13.56
129,Vardo,NO,2022-04-27 22:28:15,70.3705,31.1107,24.4,67,96,27.27
130,Tuatapere,NZ,2022-04-27 22:28:16,-46.1333,167.6833,50.54,81,50,2.84
131,Kailua,US,2022-04-27 22:28:16,21.4022,-157.7394,82.38,77,100,12.66
132,Saskylakh,RU,2022-04-27 22:28:17,71.9167,114.0833,-0.8,100,95,3.91
133,Waipawa,NZ,2022-04-27 22:28:17,-41.4122,175.5153,53.04,69,82,3.2
134,Berdigestyakh,RU,2022-04-27 22:28:18,62.0989,126.6992,18.84,90,89,7.38
135,Whitianga,NZ,2022-04-27 22:28:19,-36.8333,175.7,61.43,69,99,11.01
136,Nioro,GM,2022-04-27 22:29:19,13.35,-15.75,82.49,38,14,9.24
137,Korla,CN,2022-04-27 22:29:20,41.7597,86.1469,51.84,70,100,21.68
138,Bredasdorp,ZA,2022-04-27 22:29:20,-34.5322,20.0403,55.69,89,0,1.03
139,Yarmouth,US,2022-04-27 22:29:21,41.7057,-70.2286,55.54,55,100,18.99
140,Aklavik,CA,2022-04-27 22:29:21,68.2191,-135.0107,20.7,83,100,10.56
141,College,US,2022-04-27 22:29:22,64.8569,-147.8028,53.55,32,40,0.0
142,Thompson,CA,2022-04-27 22:29:14,55.7435,-97.8558,46.56,27,20,12.66
143,Lompoc,US,2022-04-27 22:26:37,34.6391,-120.4579,71.69,63,0,30.0
144,Kapaa,US,2022-04-27 22:29:23,22.0752,-159.319,80.58,82,0,13.8
145,Cherskiy,RU,2022-04-27 22:25:19,68.75,161.3,29.91,95,100,2.59
146,Mizan Teferi,ET,2022-04-27 22:29:24,6.9833,35.5833,61.77,94,98,3.02
147,Pashiya,RU,2022-04-27 22:29:24,58.4324,58.2562,45.01,94,92,3.0
148,Ouesso,CG,2022-04-27 22:29:24,1.6136,16.0517,71.28,95,66,2.68
149,Asau,RO,2022-04-27 22:29:25,46.4333,26.4,52.72,100,100,2.42
150,Kysyl-Syr,RU,2022-04-27 22:29:25,63.8986,122.7617,18.12,89,22,5.37
151,Kodiak,US,2022-04-27 22:29:26,57.79,-152.4072,42.31,81,20,6.91
152,Losser,NL,2022-04-27 22:29:26,52.2608,7.0042,46.49,74,17,1.99
153,Ribas Do Rio Pardo,BR,2022-04-27 22:29:27,-20.4431,-53.7592,79.86,53,82,6.76
154,Montbrison,FR,2022-04-27 22:29:28,45.6667,4.0833,48.54,78,64,1.34
155,Tasiilaq,GL,2022-04-27 22:29:28,65.6145,-37.6368,33.96,84,99,5.82
156,Rocha,UY,2022-04-27 22:28:26,-34.4833,-54.3333,55.78,88,2,5.73
157,Nouadhibou,MR,2022-04-27 22:29:29,20.931,-17.0347,67.98,73,0,21.85
158,Mahebourg,MU,2022-04-27 22:25:21,-20.4081,57.7,72.25,94,20,6.91
159,Itum-Kale,RU,2022-04-27 22:29:30,42.7356,45.5758,55.08,78,45,5.39
160,Darhan,MN,2022-04-27 22:29:30,49.4867,105.9228,36.93,46,100,12.17
161,Markova,UA,2022-04-27 22:29:31,48.6758,24.4138,46.15,94,100,2.3
162,Broken Hill,AU,2022-04-27 22:29:31,-31.95,141.4333,58.71,94,90,8.05
163,Divnomorskoye,RU,2022-04-27 22:29:32,44.5011,38.1353,54.7,79,30,5.39
164,Umm Lajj,SA,2022-04-27 22:29:32,25.0213,37.2685,82.67,52,0,11.43
165,Kefamenanu,ID,2022-04-27 22:29:33,-9.4467,124.4781,68.23,91,78,1.9
166,Butaritari,KI,2022-04-27 22:29:33,3.0707,172.7902,81.19,81,33,15.93
167,Igrim,RU,2022-04-27 22:29:34,63.1906,64.4162,27.37,87,26,4.92
168,Miri,MY,2022-04-27 22:29:34,4.4148,114.0089,73.54,100,40,2.3
169,Nikolskoye,RU,2022-04-27 22:29:35,59.7035,30.7861,33.87,82,32,3.78
170,Avera,US,2022-04-27 22:29:35,33.194,-82.5271,76.55,32,0,7.02
171,Champerico,GT,2022-04-27 22:29:36,14.3,-91.9167,82.94,61,13,11.56
172,Bartica,GY,2022-04-27 22:29:36,6.4,-58.6167,82.72,96,57,2.84
173,Ambanja,MG,2022-04-27 22:29:37,-13.6833,48.45,73.98,94,9,3.8
174,Key West,US,2022-04-27 22:29:37,24.5557,-81.7826,84.2,64,40,8.05
175,Telma,RU,2022-04-27 22:29:38,52.6983,103.7097,29.79,82,45,3.94
176,Kenai,US,2022-04-27 22:29:38,60.5544,-151.2583,57.02,41,0,9.22
177,Werda,BW,2022-04-27 22:29:39,-25.2667,23.2833,63.82,30,26,12.19
178,Cockburn Town,TC,2022-04-27 22:26:38,21.4612,-71.1419,78.76,53,40,14.63
179,Saldanha,ZA,2022-04-27 22:29:40,-33.0117,17.9442,53.65,69,3,12.48
180,Adrar,MR,2022-04-27 22:29:40,20.5022,-10.0711,74.21,17,0,8.86
181,Hermanus,ZA,2022-04-27 22:29:41,-34.4187,19.2345,59.45,69,1,5.79
182,Muros,ES,2022-04-27 22:29:41,42.7762,-9.0603,54.09,90,1,2.75
183,Portland,US,2022-04-27 22:29:30,45.5234,-122.6762,59.18,64,75,9.22
184,Norman Wells,CA,2022-04-27 22:27:43,65.282,-126.8329,33.84,64,100,10.36
185,Qaanaaq,GL,2022-04-27 22:30:42,77.484,-69.3632,16.81,73,37,6.85
186,Kearney,US,2022-04-27 22:30:43,40.6995,-99.0815,79.57,24,0,10.36
187,Padang,ID,2022-04-27 22:30:43,-0.9492,100.3543,77.99,88,90,3.62
188,Sadri,IN,2022-04-27 22:30:44,25.1833,73.4333,82.63,18,1,6.06
189,Ternate,ID,2022-04-27 22:30:44,0.8,127.4,81.25,78,100,3.94
190,Lata,PT,2022-04-27 22:30:45,40.1629,-8.3327,57.81,98,59,1.68
191,Det Udom,TH,2022-04-27 22:30:45,14.906,105.0784,82.22,70,19,5.97
192,Ahipara,NZ,2022-04-27 22:30:46,-35.1667,173.1667,65.34,59,70,5.06
193,Arraial Do Cabo,BR,2022-04-27 22:30:46,-22.9661,-42.0278,78.66,78,0,11.5
194,Kushima,JP,2022-04-27 22:30:47,31.4583,131.2333,70.93,84,94,3.42
195,Warangal,IN,2022-04-27 22:27:48,18.0,79.5833,85.44,41,7,11.52
196,Salalah,OM,2022-04-27 22:30:47,17.0151,54.0924,82.49,78,0,0.0
197,Atar,MR,2022-04-27 22:30:39,20.5169,-13.0499,75.94,17,0,9.37
198,Mikun,RU,2022-04-27 22:30:48,62.3547,50.0771,24.1,86,100,7.85
199,Necochea,AR,2022-04-27 22:26:45,-38.5473,-58.7368,54.77,55,1,13.35
200,Pallasovka,RU,2022-04-27 22:30:49,50.05,46.8833,60.4,85,100,6.64
201,Sorland,NO,2022-04-27 22:30:50,67.667,12.6934,34.75,74,96,23.06
202,Narsaq,GL,2022-04-27 22:30:51,60.9167,-46.05,46.62,86,100,4.32
203,Guarapari,BR,2022-04-27 22:30:51,-20.6667,-40.4975,78.89,87,1,7.81
204,Kattivakkam,IN,2022-04-27 22:30:52,13.2167,80.3167,84.07,88,4,12.64
205,Sobolevo,RU,2022-04-27 22:30:52,54.4299,31.8996,38.82,71,98,7.25
206,Capljina,BA,2022-04-27 22:30:53,43.1214,17.6844,60.94,82,0,5.32
207,Rantepao,ID,2022-04-27 22:30:53,-2.9701,119.8978,68.97,92,99,2.21
208,Kupang,ID,2022-04-27 22:27:05,-10.1667,123.5833,75.33,83,72,3.62
209,Jacareacanga,BR,2022-04-27 22:30:54,-6.2222,-57.7528,79.41,78,99,2.08
210,Kalmunai,LK,2022-04-27 22:30:55,7.4167,81.8167,79.68,81,3,6.91
211,Obihiro,JP,2022-04-27 22:30:55,42.9172,143.2044,49.46,37,1,21.09
212,Chokurdakh,RU,2022-04-27 22:30:56,70.6333,147.9167,14.47,93,99,7.54
213,Muroto,JP,2022-04-27 22:30:56,33.2833,134.15,66.0,74,90,7.11
214,Sisimiut,GL,2022-04-27 22:30:57,66.9395,-53.6735,25.38,95,100,7.02
215,Aswan,EG,2022-04-27 22:30:57,24.0934,32.907,82.33,15,0,9.98
216,Marzuq,YE,2022-04-27 22:30:58,14.4,46.4667,72.86,54,4,5.84
217,Colac,AU,2022-04-27 22:30:58,-38.3333,143.5833,60.84,85,100,6.8
218,Bilibino,RU,2022-04-27 22:30:59,68.0546,166.4372,30.67,86,100,3.13
219,Isangel,VU,2022-04-27 22:30:59,-19.55,169.2667,79.86,71,100,15.68
220,Caravelas,BR,2022-04-27 22:31:00,-17.7125,-39.2481,75.7,84,4,4.81
221,Saint-Philippe,RE,2022-04-27 22:31:00,-21.3585,55.7679,72.99,78,34,2.64
222,Araouane,ML,2022-04-27 22:31:01,18.9048,-3.5265,76.84,12,0,6.26
223,Santa Isabel Do Rio Negro,BR,2022-04-27 22:26:23,-0.4139,-65.0192,81.36,76,97,1.88
224,Saint-Augustin,CA,2022-04-27 22:31:02,51.226,-58.6502,33.87,99,100,5.08
225,Melita,CA,2022-04-27 22:31:02,49.2681,-100.9967,35.6,99,100,4.41
226,Thinadhoo,MV,2022-04-27 22:31:03,0.5333,72.9333,83.84,73,66,7.94
227,Katsuura,JP,2022-04-27 22:32:04,35.1333,140.3,59.0,55,100,22.28
228,Balikpapan,ID,2022-04-27 22:32:04,-1.2675,116.8289,74.39,100,40,2.3
229,Turukhansk,RU,2022-04-27 22:32:05,65.8167,87.9833,32.65,98,100,18.72
230,Turayf,SA,2022-04-27 22:32:05,31.6725,38.6637,71.85,43,75,11.5
231,Praia,CV,2022-04-27 22:32:06,14.9215,-23.5087,70.34,73,40,17.27
232,Correntina,BR,2022-04-27 22:32:06,-13.3433,-44.6367,77.25,44,13,5.44
233,Lauda-Konigshofen,DE,2022-04-27 22:32:07,49.5653,9.7042,47.17,77,3,3.6
234,Kot Diji,PK,2022-04-27 22:32:08,27.3427,68.7083,86.02,14,42,13.96
235,Lumberton,US,2022-04-27 22:30:40,34.6182,-79.0086,73.71,40,16,8.52
236,Kavaratti,IN,2022-04-27 22:32:08,10.5669,72.642,84.06,77,37,4.83
237,Bundaberg,AU,2022-04-27 22:32:09,-24.85,152.35,73.22,83,12,8.05
238,Port Lincoln,AU,2022-04-27 22:32:10,-34.7333,135.8667,69.49,53,100,13.04
239,Tuy Hoa,VN,2022-04-27 22:32:10,13.0833,109.3,77.41,92,81,1.48
240,Inhambane,MZ,2022-04-27 22:32:11,-23.865,35.3833,67.78,79,20,8.19
241,Bacolod,PH,2022-04-27 22:32:11,10.6667,122.95,81.45,78,98,6.24
242,Dunedin,NZ,2022-04-27 22:32:12,-45.8742,170.5036,55.8,63,0,5.01
243,Knysna,ZA,2022-04-27 22:32:12,-34.0363,23.0471,60.8,45,5,3.71
244,Russellville,US,2022-04-27 22:32:13,35.2784,-93.1338,73.15,26,0,6.91
245,Kralendijk,BQ,2022-04-27 22:32:13,12.15,-68.2667,80.58,69,75,16.11
246,Vostok,RU,2022-04-27 22:32:14,46.4856,135.8833,36.09,60,4,9.44
247,Mangrol,IN,2022-04-27 22:32:14,21.1167,70.1167,81.68,67,3,10.67
248,Marienburg,PL,2022-04-27 22:32:15,54.0359,19.0266,42.89,70,96,3.8
249,Hay River,CA,2022-04-27 22:32:15,60.8156,-115.7999,39.16,60,75,8.05
250,Lavrentiya,RU,2022-04-27 22:32:16,65.5833,-171.0,27.05,77,32,1.95
251,Gardez,AF,2022-04-27 22:32:16,33.5974,69.2259,58.42,46,42,5.32
252,Algiers,DZ,2022-04-27 22:28:40,36.7525,3.042,58.82,88,75,5.75
253,Puerto El Triunfo,SV,2022-04-27 22:32:17,13.2833,-88.55,85.84,64,49,8.12
254,Jacmel,HT,2022-04-27 22:32:18,18.2342,-72.5347,76.12,76,81,3.78
255,Dubbo,AU,2022-04-27 22:32:18,-32.25,148.6167,62.73,100,100,5.75
256,Beringovskiy,RU,2022-04-27 22:32:19,63.05,179.3167,32.02,99,100,6.08
257,Somerset,US,2022-04-27 22:30:18,40.5668,-74.5496,50.83,52,100,11.5
258,Griffith,US,2022-04-27 22:30:13,41.5284,-87.4237,39.4,72,75,11.5
259,Airai,TL,2022-04-27 22:32:20,-8.9266,125.4092,64.17,83,18,1.1
260,Jining,CN,2022-04-27 22:32:20,35.405,116.5814,58.48,33,96,4.25
261,Kargasok,RU,2022-04-27 22:32:21,59.0556,80.8572,45.39,76,98,12.88
262,Viedma,AR,2022-04-27 22:32:21,-40.8135,-62.9967,56.55,33,98,26.04
263,Eenhana,NA,2022-04-27 22:32:22,-17.4667,16.3333,73.33,38,98,6.73
264,Bakel,SN,2022-04-27 22:32:22,14.905,-12.4568,90.63,17,0,8.59
265,Doha,QA,2022-04-27 22:27:33,25.2867,51.5333,78.78,65,0,3.44
266,Yar-Sale,RU,2022-04-27 22:32:23,66.8333,70.8333,9.57,87,27,6.44
267,Baisha,CN,2022-04-27 22:32:24,26.5222,110.9311,73.35,97,89,1.5
268,Haines Junction,CA,2022-04-27 22:32:24,60.7522,-137.5108,42.75,75,93,2.3
269,Varnamo,SE,2022-04-27 22:32:25,57.186,14.04,39.27,83,98,6.26
270,Jumla,NP,2022-04-27 22:32:25,29.2747,82.1838,50.94,52,0,5.46
271,Los Planes,HN,2022-04-27 22:32:26,14.05,-88.0167,65.73,69,100,3.56
272,Komsomolskiy,UZ,2022-04-27 22:32:26,40.4272,71.7189,57.92,77,1,3.13
273,Hammerfest,NO,2022-04-27 22:33:27,70.6634,23.6821,23.45,68,75,10.36
274,Maragogi,BR,2022-04-27 22:31:50,-9.0122,-35.2225,77.94,82,93,5.39
275,Bay Roberts,CA,2022-04-27 22:33:27,47.5999,-53.2648,41.5,81,75,3.0
276,Kaitangata,NZ,2022-04-27 22:33:28,-46.2817,169.8464,53.44,71,15,5.32
277,Jalu,LY,2022-04-27 22:33:28,29.0331,21.5482,79.97,15,86,17.56
278,Beira,MZ,2022-04-27 22:33:29,-19.8436,34.8389,77.09,69,75,14.97
279,Baker City,US,2022-04-27 22:33:29,44.7749,-117.8344,51.6,52,75,14.97
280,Noyabrsk,RU,2022-04-27 22:33:30,63.1994,75.4507,34.39,100,100,8.32
281,Qui Nhon,VN,2022-04-27 22:33:30,13.7667,109.2333,78.3,89,56,2.64
282,Morrope,PE,2022-04-27 22:33:31,-6.5417,-80.0111,71.71,72,31,14.99
283,Buciumeni,RO,2022-04-27 22:33:31,45.15,25.45,53.73,92,100,7.27
284,Touros,BR,2022-04-27 22:33:32,-5.1989,-35.4608,79.11,83,98,11.14
285,Vuktyl,RU,2022-04-27 22:33:32,63.8567,57.3094,24.3,91,100,12.93
286,Geraldton,AU,2022-04-27 22:30:29,-28.7667,114.6,57.61,94,22,8.05
287,Vitim,RU,2022-04-27 22:33:33,59.4511,112.5578,29.62,81,24,7.05
288,Ahuimanu,US,2022-04-27 22:33:34,21.4447,-157.8378,82.11,72,100,12.66
289,Avarua,CK,2022-04-27 22:33:35,-21.2078,-159.775,84.25,79,20,11.5
290,Genhe,CN,2022-04-27 22:33:35,50.7833,121.5167,34.32,41,9,3.4
291,Port Hedland,AU,2022-04-27 22:33:35,-20.3167,118.5667,77.05,73,99,3.44
292,Pangnirtung,CA,2022-04-27 22:33:36,66.1451,-65.7125,8.6,56,20,3.44
293,Yerofey Pavlovich,RU,2022-04-27 22:33:37,53.9667,121.9667,35.96,34,87,1.83
294,Sao Joao Da Barra,BR,2022-04-27 22:28:40,-21.6403,-41.0511,76.33,87,11,11.39
295,Ayr,GB,2022-04-27 22:33:37,55.4627,-4.6339,43.99,87,0,5.75
296,Singkang,MY,2022-04-27 22:33:38,2.1006,102.7994,74.86,96,49,2.86
297,Noumea,NC,2022-04-27 22:33:38,-22.2763,166.4572,77.0,99,100,11.79
298,Oistins,BB,2022-04-27 22:33:39,13.0667,-59.5333,77.09,94,75,12.66
299,Lac-Megantic,CA,2022-04-27 22:30:10,45.5834,-70.8823,39.51,98,100,7.87
300,Sinnamary,GF,2022-04-27 22:30:30,5.3833,-52.95,78.78,85,100,7.85
301,Santa Rosa,PH,2022-04-27 22:31:01,14.3122,121.1114,83.01,82,97,10.07
302,Francofonte,IT,2022-04-27 22:33:40,37.2265,14.8806,61.68,100,0,2.3
303,Aljezur,PT,2022-04-27 22:33:41,37.3191,-8.8033,55.63,88,47,12.01
304,Kaeo,NZ,2022-04-27 22:33:41,-35.1,173.7833,61.74,81,77,5.68
305,Morondava,MG,2022-04-27 22:33:42,-20.2833,44.2833,74.43,68,57,16.49
306,Tezu,IN,2022-04-27 22:33:42,27.9167,96.1667,67.93,67,64,4.23
307,Bac Lieu,VN,2022-04-27 22:33:43,9.285,105.7244,83.14,73,78,4.47
308,Muheza,TZ,2022-04-27 22:33:43,-5.1667,38.7833,71.91,93,62,5.17
309,Qaqortoq,GL,2022-04-27 22:33:44,60.7167,-46.0333,39.74,88,100,5.7
310,Carnarvon,AU,2022-04-27 22:33:44,-24.8667,113.6333,57.27,94,14,6.91
311,Botshabelo,ZA,2022-04-27 22:33:45,-29.2702,26.7052,36.77,49,0,5.26
312,Coihaique,CL,2022-04-27 22:31:33,-45.5752,-72.0662,37.35,70,40,0.0
313,Harrismith,ZA,2022-04-27 22:33:45,-28.2728,29.1295,41.72,85,2,3.65
314,Chumphon,TH,2022-04-27 22:33:46,10.3333,98.8333,73.74,95,14,0.69
315,Ambon,ID,2022-04-27 22:33:46,-3.6954,128.1814,75.34,94,40,0.0
316,Moulins,FR,2022-04-27 22:33:47,46.5,3.3333,44.91,96,29,3.04
317,Nouakchott,MR,2022-04-27 22:33:47,18.0858,-15.9785,73.33,69,0,16.11
318,Guerrero Negro,MX,2022-04-27 22:33:48,27.9769,-114.0611,68.38,57,0,18.45
319,Shitanjing,CN,2022-04-27 22:33:48,39.2342,106.3439,40.42,73,1,4.41
320,Srednekolymsk,RU,2022-04-27 22:34:49,67.45,153.6833,21.22,88,100,4.85
321,Wilkie,CA,2022-04-27 22:34:49,52.4168,-108.7014,55.89,45,68,17.52
322,Magaria,NE,2022-04-27 22:34:50,12.9983,8.9099,89.42,12,89,8.23
323,Kieta,PG,2022-04-27 22:34:50,-6.2167,155.6333,84.4,72,88,4.34
324,Itarema,BR,2022-04-27 22:34:51,-2.9248,-39.9167,79.18,79,97,9.64
325,Faya,SA,2022-04-27 22:34:51,18.3851,42.4509,60.91,48,4,1.97
326,Esperance,AU,2022-04-27 22:34:52,-33.8667,121.9,53.44,78,79,16.58
327,Tukrah,LY,2022-04-27 22:34:52,32.5341,20.5791,66.43,45,15,15.61
328,Praia Da Vitoria,PT,2022-04-27 22:34:53,38.7333,-27.0667,64.65,94,75,24.65
329,Pisco,PE,2022-04-27 22:34:54,-13.7,-76.2167,67.01,82,0,17.27
330,Codrington,AU,2022-04-27 22:34:54,-38.2667,141.9667,64.42,78,100,9.53
331,Kedrovyy,RU,2022-04-27 22:34:54,56.1667,91.8167,30.87,90,100,4.32
332,Asfi,MA,2022-04-27 22:34:55,32.2994,-9.2372,60.37,80,0,20.27
333,Gamba,GA,2022-04-27 22:34:56,-2.65,10.0,75.61,90,75,2.28
334,Cidreira,BR,2022-04-27 22:34:56,-30.1811,-50.2056,73.54,86,4,4.09
335,Santa Maria,BR,2022-04-27 22:31:28,-29.6842,-53.8069,76.3,83,40,4.61
336,Torbay,CA,2022-04-27 22:30:48,47.6666,-52.7314,40.75,90,75,6.91
337,Linfen,CN,2022-04-27 22:34:57,36.0889,111.5189,52.9,81,100,3.11
338,Yerbogachen,RU,2022-04-27 22:34:57,61.2767,108.0108,28.69,81,24,1.43
339,Henties Bay,NA,2022-04-27 22:34:58,-22.116,14.2845,63.75,70,2,5.08
340,Saint Anthony,US,2022-04-27 22:34:59,45.0205,-93.218,51.93,40,0,16.11
341,Mmabatho,ZA,2022-04-27 22:34:59,-25.85,25.6333,48.16,81,1,4.61
342,Roald,NO,2022-04-27 22:35:00,62.5833,6.1333,43.32,75,100,13.8
343,Novikovo,RU,2022-04-27 22:35:01,51.1537,37.8879,45.45,88,29,4.36
344,The Pas,CA,2022-04-27 22:35:01,53.8251,-101.2541,40.06,68,91,12.64
345,Pelhrimov,CZ,2022-04-27 22:35:02,49.4313,15.2234,46.13,78,23,1.19
346,Monte Patria,CL,2022-04-27 22:30:56,-30.6919,-70.9467,64.09,54,2,2.37
347,Forest,US,2022-04-27 22:35:02,37.3638,-79.2897,66.25,24,0,8.05
348,Road Town,VG,2022-04-27 22:35:03,18.4167,-64.6167,77.09,61,40,5.75
349,Nanzhang,CN,2022-04-27 22:35:03,31.7765,111.8386,58.95,88,100,11.5
350,Kahului,US,2022-04-27 22:33:11,20.8947,-156.47,80.62,67,40,19.57
351,Teguldet,RU,2022-04-27 22:35:04,57.3064,88.1667,37.76,89,100,5.3
352,Telimele,GN,2022-04-27 22:35:05,10.9167,-13.3333,76.51,72,90,5.06
353,Senador Jose Porfirio,BR,2022-04-27 22:35:05,-2.5908,-51.9542,75.83,96,99,2.8
354,Merauke,ID,2022-04-27 22:35:06,-8.4667,140.3333,80.15,84,78,8.39
355,Ilulissat,GL,2022-04-27 22:35:06,69.2167,-51.1,42.82,52,75,12.66
356,Tateyama,JP,2022-04-27 22:35:07,34.9833,139.8667,62.1,63,75,17.27
357,Nefteyugansk,RU,2022-04-27 22:32:05,61.0998,72.6035,42.12,98,99,7.96
358,Yate,GB,2022-04-27 22:35:08,51.5407,-2.4184,47.37,71,52,1.01
359,Priargunsk,RU,2022-04-27 22:35:08,50.3691,119.1012,38.32,28,66,6.04
360,Namibe,AO,2022-04-27 22:35:09,-15.1961,12.1522,71.89,78,0,2.46
361,Clyde River,CA,2022-04-27 22:33:19,70.4692,-68.5914,5.23,66,20,6.91
362,Abdanan,IR,2022-04-27 22:35:09,32.9926,47.4198,66.09,52,0,2.55
363,Port Moresby,PG,2022-04-27 22:31:43,-9.4431,147.1797,81.82,78,20,3.44
364,Zapolyarnyy,RU,2022-04-27 22:35:11,69.4154,30.8136,22.28,85,97,18.48
365,Bilma,NE,2022-04-27 22:36:11,18.6853,12.9164,87.57,10,0,5.3
366,Comodoro Rivadavia,AR,2022-04-27 22:35:47,-45.8667,-67.5,46.26,39,40,11.5
367,Pelym,RU,2022-04-27 22:36:12,61.0108,61.9978,38.73,98,95,0.83
368,Vestmannaeyjar,IS,2022-04-27 22:36:12,63.4427,-20.2734,46.17,79,79,2.06
369,Milkovo,RU,2022-04-27 22:33:12,54.7167,158.6167,29.55,90,100,12.41
370,La Romana,DO,2022-04-27 22:36:13,18.4273,-68.9728,80.96,61,40,6.91
371,Teya,RU,2022-04-27 22:35:48,60.3778,92.6267,33.35,97,100,3.51
372,Zanjan,IR,2022-04-27 22:36:14,36.6736,48.4787,55.36,62,55,6.6
373,Nanakuli,US,2022-04-27 22:36:14,21.3906,-158.1547,82.35,61,100,13.8
374,Traverse City,US,2022-04-27 22:36:15,44.7631,-85.6206,40.84,44,20,12.66
375,Sinnar,SD,2022-04-27 22:31:54,13.5691,33.5672,89.82,9,6,8.9
376,Chapais,CA,2022-04-27 22:32:46,49.7834,-74.8492,33.58,70,79,13.96
377,Abaza,RU,2022-04-27 22:36:16,52.655,90.0928,36.14,81,10,4.41
378,Aurora,US,2022-04-27 22:34:42,39.7294,-104.8319,70.0,40,75,9.22
379,Batiano,PH,2022-04-27 22:36:17,7.5534,126.4907,78.96,79,65,1.88
380,Unai,BR,2022-04-27 22:36:17,-16.3575,-46.9061,72.7,49,10,2.26
381,Hoi An,VN,2022-04-27 22:36:18,15.8794,108.335,76.96,93,29,5.93
382,Fort-Shevchenko,KZ,2022-04-27 22:36:18,44.5086,50.263,66.38,42,84,14.07
383,Chumikan,RU,2022-04-27 22:36:19,54.7183,135.315,33.4,71,100,13.47
384,Banyo,CM,2022-04-27 22:31:47,6.75,11.8167,66.24,95,100,3.47
385,Khash,IR,2022-04-27 22:36:20,28.2211,61.2158,70.36,35,53,6.89
386,Constitucion,CL,2022-04-27 22:34:25,-35.3333,-72.4167,52.56,88,58,3.94
387,Baruun-Urt,MN,2022-04-27 22:36:21,46.6806,113.2792,40.6,24,98,9.26
388,Belyy Yar,RU,2022-04-27 22:36:21,53.6039,91.3903,42.42,70,35,4.56
389,Sept-Iles,CA,2022-04-27 22:33:38,50.2001,-66.3821,46.83,53,75,12.66
390,Dingle,PH,2022-04-27 22:36:22,10.9995,122.6711,79.39,87,95,7.74
391,Klaksvik,FO,2022-04-27 22:36:22,62.2266,-6.589,43.72,73,98,5.14
392,Heihe,CN,2022-04-27 22:36:23,50.2441,127.4902,37.98,38,13,12.03
393,Suraabad,AZ,2022-04-27 22:36:24,40.8192,49.4687,59.31,74,1,5.68
394,Hornepayne,CA,2022-04-27 22:36:24,49.2138,-84.7705,35.15,60,5,7.25
395,Laguna,US,2022-04-27 22:32:47,38.421,-121.4238,77.76,33,0,9.22
396,Mbandaka,CD,2022-04-27 22:36:25,0.0487,18.2603,71.53,81,98,2.06
397,Newport,GB,2022-04-27 22:36:26,51.5877,-2.9984,48.74,71,55,10.78
398,Le Tampon,RE,2022-04-27 22:36:26,-21.2667,55.5167,66.0,67,0,9.22
399,Bairiki,KI,2022-04-27 22:36:27,1.3292,172.9752,84.2,79,20,10.36
400,Butterworth,MY,2022-04-27 22:36:28,5.3991,100.3638,82.44,94,20,1.14
401,Ipixuna,BR,2022-04-27 22:36:28,-1.7625,-48.8043,74.43,98,100,2.64
402,Tura,IN,2022-04-27 22:36:29,25.5198,90.2201,69.28,88,0,2.89
403,Darfo,IT,2022-04-27 22:36:29,45.8779,10.1812,57.13,86,12,4.61
404,Price,US,2022-04-27 22:36:30,39.5994,-110.8107,76.26,8,0,14.97
405,Naryan-Mar,RU,2022-04-27 22:33:08,67.6713,53.087,9.77,87,16,10.07
406,Yashan,CN,2022-04-27 22:36:31,22.1975,109.9419,76.68,93,92,7.43
407,Coahuayana,MX,2022-04-27 22:37:31,18.7333,-103.6833,87.55,40,0,6.69
408,Maiduguri,NG,2022-04-27 22:37:32,11.8464,13.1603,88.3,29,82,7.9
409,Florianopolis,BR,2022-04-27 22:37:32,-27.6146,-48.5012,72.7,93,0,16.11
410,Lasa,IT,2022-04-27 22:37:33,46.6166,10.7002,47.28,75,2,1.41
411,Kiunga,PG,2022-04-27 22:37:33,-6.1219,141.2906,78.78,88,100,1.57
412,Hami,CN,2022-04-27 22:37:34,42.8,93.45,57.78,24,100,12.26
413,Kimbe,PG,2022-04-27 22:37:34,-5.5502,150.1429,84.34,76,66,0.74
414,Vidalia,US,2022-04-27 22:37:35,32.2177,-82.4135,78.91,36,0,8.05
415,Constantine,DZ,2022-04-27 22:36:30,36.365,6.6147,62.01,72,75,3.44
416,Zhangye,CN,2022-04-27 22:37:35,38.9342,100.4517,47.64,41,10,6.49
417,Tiksi,RU,2022-04-27 22:37:36,71.6872,128.8694,6.28,95,100,1.23
418,El Alto,PE,2022-04-27 22:37:36,-4.2714,-81.2147,73.06,79,18,14.29
419,Nha Trang,VN,2022-04-27 22:37:37,12.25,109.1833,78.8,92,73,4.16
420,Rawson,AR,2022-04-27 22:37:37,-43.3002,-65.1023,47.61,51,100,19.93
421,Newbury,GB,2022-04-27 22:35:27,51.4003,-1.3206,46.9,93,54,7.56
422,Los Llanos De Aridane,ES,2022-04-27 22:37:37,28.6585,-17.9182,60.55,77,75,10.36
423,Pizarro,CO,2022-04-27 22:37:38,4.9533,-77.366,80.46,81,45,7.2
424,Puerto Carreno,CO,2022-04-27 22:37:39,6.189,-67.4859,82.38,74,40,4.61
425,Berlevag,NO,2022-04-27 22:37:39,70.8578,29.0864,23.0,79,100,16.64
426,Ranot,TH,2022-04-27 22:37:40,7.7777,100.3213,82.58,79,15,5.19
427,Cayenne,GF,2022-04-27 22:37:40,4.9333,-52.3333,82.09,1,40,2.3
428,Brae,GB,2022-04-27 22:37:41,60.3964,-1.353,44.1,65,99,7.87
429,Puurmani,EE,2022-04-27 22:37:41,58.5738,26.2878,31.26,65,88,3.2
430,Boa Vista,BR,2022-04-27 22:37:42,2.8197,-60.6733,76.98,78,40,3.44
431,Pasco,US,2022-04-27 22:37:42,28.292,-82.4165,86.99,52,91,4.0
432,Half Moon Bay,US,2022-04-27 22:37:43,37.4636,-122.4286,69.26,62,0,21.85
433,Mpanda,TZ,2022-04-27 22:37:43,-6.3655,31.0409,63.46,97,92,1.12
434,Port-Cartier,CA,2022-04-27 22:37:44,50.0334,-66.8654,46.51,89,100,8.41
435,Hambantota,LK,2022-04-27 22:37:44,6.1241,81.1185,80.94,81,35,5.61
436,Sile,TR,2022-04-27 22:37:45,41.1754,29.6133,55.56,76,0,6.46
437,Valdivia,CL,2022-04-27 22:37:44,-39.8142,-73.2459,46.49,87,25,4.94
438,Yashkul,RU,2022-04-27 22:37:46,46.1711,45.3435,60.19,60,75,0.51
439,Takoradi,GH,2022-04-27 22:37:46,4.8845,-1.7554,80.49,84,100,9.31
440,Nabire,ID,2022-04-27 22:33:04,-3.3667,135.4833,78.21,86,93,2.19
441,Barra Da Estiva,BR,2022-04-27 22:37:47,-13.6261,-41.3269,63.61,93,58,3.33
442,Qujing,CN,2022-04-27 22:37:47,25.4833,103.7833,57.04,48,0,4.43
443,Belmonte,BR,2022-04-27 22:37:48,-15.8631,-38.8828,76.95,84,0,6.69
444,Wamba,NG,2022-04-27 22:37:48,8.9333,8.6,76.68,81,90,1.07
445,Wanning,CN,2022-04-27 22:37:49,18.8003,110.3967,78.87,91,14,6.58
446,Dongsheng,CN,2022-04-27 22:37:49,39.8161,109.9776,38.71,82,46,2.42
447,San Quintin,MX,2022-04-27 22:37:50,30.4833,-115.95,64.02,66,0,16.2
448,Mazagao,BR,2022-04-27 22:37:50,-0.115,-51.2894,80.65,96,90,3.4
449,Tsabong,BW,2022-04-27 22:37:51,-26.0217,22.401,65.03,26,17,11.63
450,Naze,JP,2022-04-27 22:37:51,28.3667,129.4833,70.72,88,98,6.76
451,Nemuro,JP,2022-04-27 22:37:52,43.3236,145.575,43.16,56,7,16.31
452,Santa Elena,EC,2022-04-27 22:37:52,-2.2333,-80.85,78.35,78,20,8.05
453,Alta Floresta,BR,2022-04-27 22:37:53,-9.8756,-56.0861,76.91,76,75,3.65
454,Vanimo,PG,2022-04-27 22:37:54,-2.6741,141.3028,79.3,85,100,4.0
455,Ust-Koksa,RU,2022-04-27 22:38:54,50.2696,85.6108,34.54,83,22,0.74
456,Banjarmasin,ID,2022-04-27 22:37:44,-3.3244,114.591,77.14,92,91,1.32
457,Kardla,EE,2022-04-27 22:38:55,58.9978,22.7492,35.06,56,11,8.46
458,Karakol,KG,2022-04-27 22:38:55,42.4907,78.3936,39.94,88,100,2.21
459,Moanda,GA,2022-04-27 22:38:56,-1.5575,13.2178,69.71,98,87,2.57
460,Cervo,ES,2022-04-27 22:38:56,43.6702,-7.4101,51.96,88,100,1.39
461,Ransang,PH,2022-04-27 22:38:57,8.9603,117.5828,76.84,95,100,4.65
462,Ust-Kuyga,RU,2022-04-27 22:38:57,70.0167,135.6,9.23,89,100,5.03
463,Zunyi,CN,2022-04-27 22:38:58,27.6867,106.9072,65.55,96,100,2.13
464,Prince Rupert,CA,2022-04-27 22:38:59,54.3161,-130.3201,48.29,71,20,8.05
465,Flinders,AU,2022-04-27 22:38:59,-34.5833,150.8552,68.38,90,51,8.99
466,Teknaf,BD,2022-04-27 22:38:59,20.8624,92.3058,76.3,89,5,3.6
467,Shahdol,IN,2022-04-27 22:39:00,23.2833,81.35,83.26,14,20,4.94
468,Inirida,CO,2022-04-27 22:39:01,3.8653,-67.9239,75.4,87,55,2.42
469,Banjar,ID,2022-04-27 22:39:01,-8.19,114.9675,78.24,84,94,3.49
470,Dumas,US,2022-04-27 22:36:22,35.8656,-101.9732,82.54,26,0,24.16
471,Richards Bay,ZA,2022-04-27 22:39:02,-28.783,32.0377,63.19,82,54,4.18
472,Ugoofaaru,MV,2022-04-27 22:39:03,5.6667,73.0,84.04,72,97,4.79
473,Honavar,IN,2022-04-27 22:39:03,14.2833,74.45,80.56,88,22,3.91
474,Altay,CN,2022-04-27 22:39:04,47.8667,88.1167,37.04,39,0,8.81
475,Ucluelet,CA,2022-04-27 22:38:28,48.9329,-125.5528,52.09,73,43,3.0
476,Axim,GH,2022-04-27 22:39:04,4.8699,-2.2405,80.37,85,100,8.81
477,Ceyhan,TR,2022-04-27 22:39:05,37.0247,35.8175,62.44,61,100,0.89
478,Tabas,IR,2022-04-27 22:39:06,33.5959,56.9244,72.95,39,55,0.36
479,Dalbandin,PK,2022-04-27 22:39:06,28.8947,64.4101,80.98,17,32,5.46
480,Entre Rios,BR,2022-04-27 22:39:07,-11.9419,-38.0844,70.27,92,0,3.11
481,Lodja,CD,2022-04-27 22:39:07,-3.4833,23.4333,67.14,99,95,1.45
482,Trelew,AR,2022-04-27 22:36:44,-43.249,-65.3051,45.75,55,100,16.11
483,Nigrita,GR,2022-04-27 22:39:08,40.9053,23.4994,60.42,83,0,1.01
484,Verkhnevilyuysk,RU,2022-04-27 22:39:09,63.4453,120.3167,24.3,82,91,4.5
485,Aguimes,ES,2022-04-27 22:39:09,27.9054,-15.4461,63.23,68,75,23.02
486,Tiznit,MA,2022-04-27 22:39:10,29.5833,-9.5,58.84,80,1,5.61
487,Imatra,FI,2022-04-27 22:39:10,61.1719,28.7524,26.98,70,89,5.1
488,Senneterre,CA,2022-04-27 22:39:11,48.3835,-77.2328,32.56,71,99,13.58
489,Nueva Guinea,NI,2022-04-27 22:39:11,11.6876,-84.4562,76.42,87,99,10.42
490,Puerto Cabezas,NI,2022-04-27 22:39:12,14.0351,-83.3888,84.16,84,75,9.22
491,Dekar,BW,2022-04-27 22:39:12,-21.5333,21.9333,65.97,45,27,7.18
492,Touho,NC,2022-04-27 22:39:13,-20.7833,165.2333,76.21,73,100,20.89
493,Luzilandia,BR,2022-04-27 22:39:13,-3.4578,-42.3703,75.11,95,92,4.81
494,Inuvik,CA,2022-04-27 22:39:14,68.3499,-133.7218,16.56,70,20,8.05
495,Krasnovishersk,RU,2022-04-27 22:39:14,60.4078,57.082,31.8,99,76,2.39
496,Dolores,AR,2022-04-27 22:39:15,-36.3132,-57.6792,53.42,54,0,7.31
497,Maumere,ID,2022-04-27 22:39:16,-8.6199,122.2111,79.56,78,99,0.56
498,Ust-Kishert,RU,2022-04-27 22:39:16,57.3654,57.2495,54.63,94,96,14.05
499,Antofagasta,CL,2022-04-27 22:39:17,-23.65,-70.4,61.88,81,9,8.03
500,Douglas,US,2022-04-27 22:34:25,41.3,-96.167,83.28,34,75,17.27
501,Poya,NC,2022-04-27 22:40:17,-21.35,165.15,77.59,66,100,6.98
502,Moyo,UG,2022-04-27 22:40:18,3.6609,31.7247,65.53,92,100,2.44
503,Hamilton,US,2022-04-27 22:37:48,39.1834,-84.5333,62.04,44,0,9.22
504,Diamantino,BR,2022-04-27 22:40:19,-14.4086,-56.4461,75.29,55,5,6.29
505,Mogok,MM,2022-04-27 22:40:19,22.9167,96.5,69.4,39,2,1.88
506,Resistencia,AR,2022-04-27 22:40:20,-27.4606,-58.9839,80.65,83,0,10.36
507,Mlonggo,ID,2022-04-27 22:40:20,-6.5333,110.7,79.02,83,54,2.1
508,Sabaudia,IT,2022-04-27 22:40:21,41.3003,13.0282,61.2,90,52,2.84
509,Kirakira,SB,2022-04-27 22:40:22,-10.4544,161.9205,84.51,74,81,6.11
510,Linxia,CN,2022-04-27 22:40:22,35.6003,103.2064,43.27,65,100,0.87
511,Oranjemund,NA,2022-04-27 22:40:23,-28.55,16.4333,57.96,77,0,3.62
512,Rio Grande,BR,2022-04-27 22:38:45,-32.035,-52.0986,64.51,94,97,5.59
513,Aykhal,RU,2022-04-27 22:40:24,66.0,111.5,18.25,94,99,6.6
514,Kamina,CD,2022-04-27 22:40:24,-8.7386,24.9906,63.09,96,86,4.47
515,Hasaki,JP,2022-04-27 22:40:15,35.7333,140.8333,59.4,49,100,20.96
516,Camapua,BR,2022-04-27 22:40:25,-19.5314,-54.0439,77.63,56,93,3.83
517,Plettenberg Bay,ZA,2022-04-27 22:40:25,-34.0527,23.3716,60.84,46,5,4.85
518,Tadine,NC,2022-04-27 22:40:26,-21.55,167.8833,76.41,69,100,17.74
519,Yazd,IR,2022-04-27 22:40:26,31.8972,54.3675,69.91,32,20,2.3
520,Juneau,US,2022-04-27 22:40:27,58.3019,-134.4197,43.84,93,100,3.44
521,Koslan,RU,2022-04-27 22:40:28,63.4564,48.8989,17.98,88,37,5.14
522,Gat,IL,2022-04-27 22:40:28,31.61,34.7642,70.39,100,1,1.99
523,Yamada,JP,2022-04-27 22:40:29,39.4667,141.95,54.41,38,1,3.51
524,Yelizovo,RU,2022-04-27 22:40:29,53.1873,158.3805,35.74,93,100,11.18
525,Tekeli,KZ,2022-04-27 22:40:30,44.83,78.8239,38.19,53,1,7.85
526,Mount Gambier,AU,2022-04-27 22:40:30,-37.8333,140.7667,60.71,94,100,8.05
527,Nador,MA,2022-04-27 22:40:31,35.174,-2.9287,59.25,88,0,2.3
528,San Roque,ES,2022-04-27 22:40:31,36.2107,-5.3842,59.83,77,37,5.75
529,Sola,VU,2022-04-27 22:40:32,-13.8833,167.55,80.19,79,100,15.5
530,Vung Tau,VN,2022-04-27 22:38:53,10.346,107.0843,83.12,78,25,9.91
531,Gallup,US,2022-04-27 22:40:33,35.5281,-108.7426,74.16,8,0,24.16
532,Aracatuba,BR,2022-04-27 22:36:23,-21.2089,-50.4328,80.22,46,47,9.64
533,Tambacounda,SN,2022-04-27 22:40:33,13.7539,-13.7586,93.25,22,0,0.0
534,Celestun,MX,2022-04-27 22:40:34,20.8667,-90.4,80.78,69,89,17.31
535,Multan,PK,2022-04-27 22:40:34,30.1956,71.4753,87.69,27,0,9.22
536,Sao Borja,BR,2022-04-27 22:40:35,-28.6606,-56.0044,76.95,75,21,6.6
537,Xacmaz,AZ,2022-04-27 22:40:35,41.4635,48.806,59.68,74,3,5.1
538,Pareora,NZ,2022-04-27 22:40:35,-44.4871,171.2132,57.18,97,1,1.92
539,Sokoto,NG,2022-04-27 22:40:36,13.0609,5.239,91.0,14,56,4.36
540,Novyy Urengoy,RU,2022-04-27 22:40:37,66.0833,76.6333,12.65,93,80,6.8
541,Makakilo City,US,2022-04-27 22:40:37,21.3469,-158.0858,80.92,60,100,13.8
542,Beya,RU,2022-04-27 22:40:38,53.0533,90.9139,38.16,76,19,5.79
543,Sarahan,IN,2022-04-27 22:40:38,31.5167,77.8,55.09,42,0,7.94
